{"cameraMode":{"drawMode":0,"name":"Shaded","section":"Shading Mode"},"sceneLighting":true,"audioPlay":false,"sceneViewState":{"showFog":true,"showMaterialUpdate":false,"showSkybox":true,"showFlares":true,"showImageEffects":true,"showParticleSystems":true},"in2DMode":false,"pivot":{"x":-29.100000381469728,"y":2.700000047683716,"z":-6.899999618530273},"rotation":{"x":-0.3149327039718628,"y":0.6392486691474915,"z":-0.32335832715034487,"w":-0.6225917935371399},"size":22.649906158447267,"orthographic":false}